University Name ,Course,Course Link,Deadline Link,Deadlines*
Dartmouth College,MEM,https://mem.dartmouth.edu/,https://mem.dartmouth.edu/apply,"Jan 15th
 March 15th"
Columbia University,Masters in management Science and Engineering,https://mse.ieor.columbia.edu/,https://ieor.columbia.edu/admissions/deadlines,Fall only- 15 Feb
Duke University,Master of Engineering Management,https://memp.pratt.duke.edu/,https://memp.pratt.duke.edu/apply/deadlines,"Fall -
 Jan 15 (round 1)
 Mar-15 (round 2)
June - 1st (round 3)"
Cornell University,Meng. in Engineering Management,http://www.engmanagement.cornell.edu/,https://www.engmanagement.cornell.edu/em/program/meng-campus/admissions,"Fall - January 5th, Spring- Oct 15"
Purdue University,MS in Engineering Management,https://engineering.purdue.edu/EngineeringManagement/student-resources/prospectivestudents,https://engineering.purdue.edu/EngineeringManagement/apply/how-to-apply,"Fall- Jan 15, March 15, June 1. Spring- Oct 1, Nov 1"
Johns Hopkins University,MEM,https://msem.engineering.jhu.edu/,https://msem.engineering.jhu.edu/,"Jan 15th (round 1), may 1( round 2)"
Northeastern University,MS in Engineering Management,https://www.northeastern.edu/graduate/program/master-of-science-in-engineering-management-boston-5273/,https://www.northeastern.edu/graduate/program/master-of-science-in-engineering-management-boston-5273/,"Spring- Sept 15, Fall- May 15"
NYU Tandon,MS Management of Technology,https://engineering.nyu.edu/academics/programs/management-technology-ms-campus,https://engineering.nyu.edu/admissions/graduate/apply/application-deadlines,"Fall - Feb 15
 Spring - Nov 1"
UIUC,Master of Science in Technology Management,https://business.illinois.edu/mstm/,https://grad.illinois.edu/admissions/faqs-regs-deadlines,"Nov 15 (early deadline), Jan 15 (Round 1), March 15 (Round 2), April 15 (Round 3)"
Syracuse University,MS in Engineering Management,http://eng-cs.syr.edu/program/engineering-management/?degree=masters_program,http://eng-cs.syr.edu/admissions/graduate/#Application_Deadlines,"Fall- June 1, Spring- October 15"
"University of Massachusetts, Amherst",Master of Engineering Management,https://mie.umass.edu/graduate-students/ms-programs/master-engineering-management,https://mie.umass.edu/graduate-students/ms-programs/master-engineering-management,"Fall- June 1, Spring- Oct 1"
San Jose State University,MS in Engineering Management,MS Engineering Management | Industrial & Systems Engineering | San Jose State University (sjsu.edu),https://www.sjsu.edu/admissions/graduate/deadlines/international-deadlines/index.php,"Spring- Nov 1, Fall- April 1"
SUNY Stony Brook,MS in Technological Systems Management,https://www.stonybrook.edu/commcms/est/masters/msgtm,https://www.stonybrook.edu/commcms/est/masters/admission.php,"Fall- April 15, Spring- Oct 5"